{"spam": 0.8653803006506618, "ham": 0.13461969934933812}